id;name;label;description;emotional;weight;color
1;Bahraini Dinar European Unit of Account 17(E.U.A.-17) Bacon;hack North Carolina;Uzbekistan Sum;false;28568;grey
2;payment Bedfordshire Corporate;Object-based bandwidth interface;turquoise feed;true;34858;pink
3;Plastic connect mesh;white Sleek Way;Bhutan Home Loan Account Sleek Fresh Bacon;false;12903;teal
4;JBOD;Orchestrator;Cambridgeshire withdrawal overriding;true;71982;pink
5;functionalities;navigate payment Light;compress;true;35446;indigo
6;Triple-buffered;Lakes Intelligent Soft Pants fuchsia;Delaware portals;true;95123;azure
7;Incredible;deploy 1080p;Reduced Licensed Direct;false;27846;azure
8;PCI Pakistan Pike;definition ubiquitous Bedfordshire;FTP;false;44850;plum
9;Robust;Refined Wooden Sausages Generic Rubber Soap black;platforms Money Market Account Wooden;true;42743;green
10;Group payment;Infrastructure Representative;wireless time-frame;true;32596;purple
