id;task;participant;timestamp;language;project_id;created_by
1;93567;87953;2020-02-22T18:38:26;Costa Rican Colon aggregate quantify;43921;system
2;7010;23600;2020-02-23T07:36:55;Via card;49812;system
3;53131;74942;2020-02-23T14:48:23;redundant Cote d'Ivoire evolve;8642;system
4;48694;79431;2020-02-23T00:55:22;Optimized;19367;system
5;64857;54402;2020-02-23T05:56:37;SQL;96685;system
6;57777;62892;2020-02-23T09:11:03;Bedfordshire firmware Salad;80402;system
7;6081;88032;2020-02-23T05:45:34;Ergonomic Metal Pants Intuitive;35831;system
8;75488;30506;2020-02-22T20:40:27;Iceland Handmade Rubber Table;54934;system
9;40586;68112;2020-02-23T00:54:37;end-to-end;72934;system
10;77181;91107;2020-02-23T07:26:09;impactful;96301;system
